category,access,year,title,journal,doi,pmid,pmcid,entry_url,notes,path,pages,bytes,sha256
儿童,全文,2026,"Coronary artery anomalies in children: subtype classification, age of onset, clinical outcomes, and prognostic implications",BMC Pediatrics,10.1186/s12887-026-06574-3,41772489,PMC13059392,https://pmc.ncbi.nlm.nih.gov/articles/PMC13059392/,儿童冠脉异常混合队列，82 例；ARCA-LS 35 例，另含 ALCAPA、ALCA-RS 等亚型，对 AAORCA 的针对性有限。,papers/pediatric/fulltext/2026_Liu_Children_Coronary_Anomalies_82.pdf,12,1404672,203a01b687ca68bea9dfe3c6f15eca3f6ebb53a713680ba4c783fe9095ad54d7
儿童,全文,2026,Exercise Habits and BMI in Pediatric Patients with Anomalous Aortic Origin of Coronary Arteries,Children,10.3390/children13070948,42509973,PMC13406908,https://pmc.ncbi.nlm.nih.gov/articles/PMC13406908/,Texas Children's 单中心横断面研究，573 名不超过 20 岁的 AAOCA 患者；重点分析运动习惯与 BMI。,papers/pediatric/fulltext/2026_Przybycien_Exercise_Habits_BMI_573_Pediatric_AAOCA.pdf,10,649600,3354413da98cb01e4c419c06ed20feeab3d278a46259d5a9fae7d53e42927bb1
儿童,全文,2026,Risk stratification and real-world management of pediatric AAORCA: discordance between anatomical features and clinical symptoms,Frontiers in Cardiovascular Medicine,10.3389/fcvm.2026.1876090,42529223,PMC13416429,https://pmc.ncbi.nlm.nih.gov/articles/PMC13416429/,儿童 AAORCA 单中心队列，151 例。,papers/pediatric/fulltext/2026_Yu_Pediatric_AAORCA_Risk_Stratification.pdf,10,671476,d29299373d7fdc68556464145b1e7cad2d8f2d96be04bbae977deac49a30bfc8
儿童,全文-reference,2026,Single-center clinical analysis of anomalous aortic origin of a coronary artery (AAOCA) in children: a multimodal imaging approach to risk stratification,Journal of Cardiothoracic Surgery,10.1186/s13019-026-04667-9,,,https://doi.org/10.1186/s13019-026-04667-9,儿童队列，58 例；出版社 Article in Press/reference 全文。,papers/pediatric/fulltext/2026_Wang_Pediatric_AAOCA_Multimodal_Imaging_reference.pdf,22,4989378,1857dc200bc2aea42c6db0b61430ac17651ff5df2567927a77714f58f0db352f
儿童,全文,2026,Surgical Outcomes of anomalous aortic origin of coronary arteries: early and mid-term results from a single-center experience,BMC Pediatrics,10.1186/s12887-026-06746-1,,,https://doi.org/10.1186/s12887-026-06746-1,儿童外科队列，17 例。,papers/pediatric/fulltext/2026_Cao_Pediatric_AAOCA_Surgical_Outcomes.pdf,7,1514856,07cb5fd4bd9eca18fddaf296f1dd9cb379e6540a0b66e686a4e31845ef2011d1
儿童,全文,2026,Surgical Results for Anomalous Aortic Origin of Coronary Artery - Is Right Side Prompt Surgery Necessary?,Circulation Journal,10.1253/circj.CJ-25-0097,40958550,,https://doi.org/10.1253/circj.CJ-25-0097,儿童外科队列，34 例；AAORCA 占 94.1%，32 例行去顶术；手术中位年龄 13.4 岁。,papers/pediatric/fulltext/2026_Yun_Pediatric_AAOCA_Surgical_Results_Korea.pdf,10,1415645,0b67b39d1ffd95638998eb09c6f18b1223553faa116fe8cccae015c9b88fdafa
儿童,全文,2025,Exercise stress cardiovascular magnetic resonance imaging is feasible in adolescents and young adults with anomalous coronary arteries,Journal of Cardiovascular Magnetic Resonance,10.1016/j.jocmr.2025.101944,40846281,PMC12766598,https://pmc.ncbi.nlm.nih.gov/articles/PMC12766598/,儿童与青年 AAOCA 运动负荷 CMR 可行性研究，38 例（右冠型 28 例），年龄 13–24 岁，中位 16 岁；卧式踏车运动后即刻灌注成像。,papers/pediatric/fulltext/2025_Carter_Exercise_Stress_CMR_AAOCA.pdf,9,904460,b485627dd017e2fb8a735451ed4f58b6d57c2a1cb1c615d934bee30c29a1965d
儿童,全文,2025,Right Axillary Thoracotomy for Anomalous Aortic Origin of a Coronary Artery in Children,Congenital Heart Disease,10.32604/chd.2026.076517,,,https://doi.org/10.32604/chd.2026.076517,儿童右腋下开胸病例系列，12 例；按正式卷期年份 2025 归档。,papers/pediatric/fulltext/2025_Li_Pediatric_AAOCA_Right_Axillary_Thoracotomy.pdf,10,1813159,bcdd8a8f44fd8eff1ee8fee60640260354be733c90410c7534d9a1a877687296
儿童,全文,2025,Surgical treatment of anomalous aortic origin of the coronary artery in paediatric patients: a Chinese single-center experience,BMC Surgery,10.1186/s12893-025-02781-4,,,https://doi.org/10.1186/s12893-025-02781-4,儿童外科队列，27 例。,papers/pediatric/fulltext/2025_Luo_Pediatric_AAOCA_Surgery_China.pdf,8,1625607,bce5d4ccfe0a4151fe09d7d4da01f7f3bdc1db54f75de787fca78da549b16de8
儿童,全文-预印本,2024,Fluid-structure interaction simulations for the prediction of fractional flow reserve in pediatric patients with anomalous aortic origin of a coronary artery,arXiv preprint,,,,https://arxiv.org/abs/2405.01703,儿童 FSI/FFR 建模；完整预印本，不是期刊最终版。,papers/pediatric/fulltext/2024_Puelz_Pediatric_AAOCA_FFR_Preprint.pdf,14,5038479,c4f1dce74fe190e4c2d73bcf424a41356eb4c40709d855275336cffa699b6247
儿童,全文,2023,Anomalous right coronary artery originating from the aorta: a series of nine pediatric cases,BMC Pediatrics,10.1186/s12887-023-04377-4,,,https://doi.org/10.1186/s12887-023-04377-4,儿童 ARCA-L 病例系列，9 例。,papers/pediatric/fulltext/2023_Na_9_Pediatric_ARCA_Cases.pdf,9,2006372,47ce389f656a3b111d6dfc28622cb0c50dd6e5f3c74532836cc40cd3bb7465ad
儿童,全文,2023,Clinical analysis of sixty-nine children with anomalous aortic origin of the coronary artery,European Journal of Pediatrics,10.1007/s00431-023-05075-0,,,https://doi.org/10.1007/s00431-023-05075-0,儿童队列，69 例。,papers/pediatric/fulltext/2023_Zhen_69_Children_AAOCA.pdf,9,1014284,d6d8607bd6c48aaf7dad30e8753a11c7cc1b8b89d05a127d54ec042ab05a41be
儿童,全文,2022,Congenital Anomalous Origin of Coronary Artery Disease in Children With Syncope: A Case Series,Frontiers in Pediatrics,10.3389/fped.2022.879753,,,https://doi.org/10.3389/fped.2022.879753,儿童晕厥病例系列，8 例。,papers/pediatric/fulltext/2022_Gao_Children_Syncope_Case_Series.pdf,7,1365603,4c17be48382baaf1659d251f081e4cb6b18770c381153239e44cc05add0e3adf
儿童,全文,2022,Surgery for Anomalous Aortic Origin of a Coronary Artery (AAOCA) in Children and Adolescents: A Meta-Analysis,World Journal for Pediatric and Congenital Heart Surgery,10.1177/21501351221095424,,,https://doi.org/10.1177/21501351221095424,儿童、青少年和 30 岁以下青年外科荟萃分析。,papers/pediatric/fulltext/2022_Ponzoni_Pediatric_AAOCA_Meta_Analysis.pdf,10,1114125,86ad8963ac782e4fe68055abc36a5417aa179a0e3625de3994150c04e9552c73
儿童,全文,2020,Anomalous aortic origin of a coronary artery in two children,Asian Cardiovascular & Thoracic Annals,10.1177/0218492319870614,,,https://doi.org/10.1177/0218492319870614,2 例儿童心搏骤停后确诊并接受去顶术。,papers/pediatric/fulltext/2020_Hosoda_Two_Pediatric_AAOCA_Cases.pdf,4,1231937,14d98310ad080f8e807faccee3ff5a3409b9223bca02e8a301585ca23af7e5ad
儿童,全文,2020,Exercise-Induced Abnormalities of Regional Myocardial Deformation in Anomalous Aortic Origin of the Right Coronary Artery,World Journal for Pediatric and Congenital Heart Surgery,10.1177/2150135120947689,,,https://doi.org/10.1177/2150135120947689,儿童/青少年运动负荷超声研究；各组平均年龄约 13-15 岁。,papers/pediatric/fulltext/2020_Binka_AAORCA_Exercise_Myocardial_Deformation.pdf,8,315491,c09a074e6ec1b926e0c5966bfe605a6000de497a63a9e0f4cbb226d1be96476c
儿童,全文,2020,Recommendations for Multimodality Assessment of Congenital Coronary Anomalies: A Guide from the American Society of Echocardiography,Journal of the American Society of Echocardiography,10.1016/j.echo.2019.10.011,32143778,,https://www.asecho.org/wp-content/uploads/2020/03/ConCoronary_March2020.pdf,ASE 先天性冠状动脉异常多模态影像指南；与 SCAI、JSE 和 SCMR 合作制定；以先天性/儿童影像评估为主要应用场景。,papers/pediatric/fulltext/2020_Frommelt_ASE_Multimodality_Congenital_Coronary_Anomalies_Guideline.pdf,36,7920476,27b1754e3df36de07425affdc6c70bcffc752c3b0e839619621245ac6785501f
儿童,全文,2020,先天性心脏病外科治疗中国专家共识（十二）：先天性冠状动脉异常,中国胸心血管外科临床杂志,10.7507/1007-4848.202008031,,,https://www.biomedeng.cn/article/10.7507/1007-4848.202008031,国家心血管病专家委员会先天性心脏病专业委员会制定；覆盖 AAOCA、冠状动脉异常起源于肺动脉、冠状动脉瘘及相关外科诊疗建议。,papers/pediatric/fulltext/2020_An_Li_Chinese_Expert_Consensus_Congenital_Coronary_Anomalies.pdf,7,635951,8bcae4884a2a48785f4183f7cf638a4afd1692db9248cf8c1fdd6ab259ab9d9c
儿童,全文,2019,Features associated with myocardial ischemia in anomalous aortic origin of a coronary artery: A Congenital Heart Surgeons' Society study,Journal of Thoracic and Cardiovascular Surgery,10.1016/j.jtcvs.2019.02.122,,,https://doi.org/10.1016/j.jtcvs.2019.02.122,CHSS 多中心队列；诊断年龄不超过 30 岁，主要归入儿童/青年。,papers/pediatric/fulltext/2019_Jegatheeswaran_CHSS_Ischemia_Features.pdf,16,1206642,29a21e711c7a0b23f6be1b258edc0f7a543e1b74356045b1afb87f71137e6a63
儿童,全文,2019,Perfusion Study Helps in the Management of the Intraseptal Course of an Anomalous Coronary Artery,World Journal for Pediatric and Congenital Heart Surgery,10.1177/2150135119829004,,,https://doi.org/10.1177/2150135119829004,11 岁儿童病例；核素灌注研究用于指导手术。,papers/pediatric/fulltext/2019_Agati_Intraseptal_Anomalous_Coronary_Perfusion_Study.pdf,4,374857,72124f4587eb93bca044f84a8d91c981b9e58de4f9762ca594b1b1ac9ed617bc
儿童,全文,2017,Expert consensus guidelines: Anomalous aortic origin of a coronary artery,Journal of Thoracic and Cardiovascular Surgery,10.1016/j.jtcvs.2016.06.066,28274557,,https://doi.org/10.1016/j.jtcvs.2016.06.066,AATS 专家共识；以先天性/儿童及青年管理为主要应用场景。,papers/pediatric/fulltext/2017_Brothers_AATS_AAOCA_Expert_Consensus.pdf,18,1729299,eef7d139c8b6a3406b53789c9252c86446fbb3a5b31fcc01162722577cac51a9
儿童,全文-官方合订本,2015,Eligibility and Disqualification Recommendations for Competitive Athletes With Cardiovascular Abnormalities: Task Force 4: Congenital Heart Disease: A Scientific Statement From the American Heart Association and American College of Cardiology,Circulation,10.1161/CIR.0000000000000240,26621645,,https://doi.org/10.1161/CIR.0000000000000240,AHA/ACC 竞技运动员先天性心脏病共识；本地 PDF 为 ACC 发布的 108 页官方合订本，其中完整收录 Task Force 4；DOI/PMID 对应该章节。,papers/pediatric/fulltext/2015_AHA_ACC_Competitive_Athlete_Eligibility_Combined_Statement.pdf,108,3829796,d96e5cc95fe6ba9c85968aac2b009f8c4554aeba84c0c41492b5e6e4e6194166
儿童,全文,2012,Anomalous aortic origin of coronary arteries from the opposite sinus: A critical appraisal of risk,BMC Cardiovascular Disorders,10.1186/1471-2261-12-83,,,https://doi.org/10.1186/1471-2261-12-83,以儿童和青年猝死风险及管理为主要应用场景的风险评述。,papers/pediatric/fulltext/2012_Penalver_AAOCA_Risk_Critical_Appraisal.pdf,10,221062,8307e9daa3cd1be83ec36ff8d162a5c5095ca1b8ed29a1a50acff4d713f53db2
儿童,全文,2011,Anomalous Aortic Origin of a Coronary Artery: Preoperative Diagnosis and Surgical Planning,World Journal for Pediatric and Congenital Heart Surgery,10.1177/2150135111406938,,,https://doi.org/10.1177/2150135111406938,外科队列，53 例；平均年龄 13.9 岁（4-65 岁），按主要年龄归入儿童。,papers/pediatric/fulltext/2011_Turner_AAOCA_Preoperative_Diagnosis_and_Surgical_Planning.pdf,6,320114,4ba99e8418d2c9fe7b0b098c5b884d29cc020f2c93a2b16e8d68d139a05bb5c1
儿童,非全文,2026,Clinical characteristics and outcomes of the anomalous aortic origin of a coronary artery: a nationwide pediatric survey in Japan,Heart and Vessels,10.1007/s00380-026-02722-y,42472738,,https://doi.org/10.1007/s00380-026-02722-y,非全文书目访问卡；未使用摘要冒充论文全文。,papers/pediatric/non_fulltext/2026_NON_FULLTEXT_Japan_Pediatric_Nationwide_Survey.pdf,1,66549,52c6c055cafaa8f4c84e9ad86e61c7664e650df86312d87f9a0f7cde75af026c
儿童,全文,2026,Multimodality Approach to Coronary Ischemic Testing in Pediatric Patients: A Scientific Statement From the American Heart Association,Journal of the American Heart Association,10.1161/JAHA.125.047790,41744120,PMC13279187,https://pmc.ncbi.nlm.nih.gov/articles/PMC13279187/,美国心脏协会关于儿童冠状动脉缺血检测的科学声明；Europe PMC 开放全文。,papers/pediatric/fulltext/2026_AHA_Pediatric_Coronary_Ischemic_Testing_Statement.pdf,16,1634389,924accf79cba437193f7355dd53202dfb418dbdc4e583ffe1c7eb51b2f4f163d
儿童,非全文,2026,Proposed Standardized Nomenclature for Anomalous Aortic Origin of a Coronary Artery: An International Multidisciplinary Initiative,JACC: Cardiovascular Imaging,10.1016/j.jcmg.2026.02.005,未分配或未检得（截至 2026-07-31）,,https://doi.org/10.1016/j.jcmg.2026.02.005,非全文书目访问卡；未使用摘要冒充论文全文。,papers/pediatric/non_fulltext/2026_NON_FULLTEXT_AAOCA_Standardized_Nomenclature.pdf,1,69749,d6beccc7969e26ae1cc9d5fcf03aa89412b3c7dff0d067f7b23464de66487ecd
儿童,非全文,2025,Clinical Considerations for Competitive Sports Participation for Athletes With Cardiovascular Abnormalities: A Scientific Statement From the American Heart Association and American College of Cardiology,Circulation,10.1161/CIR.0000000000001297,39973614,,https://doi.org/10.1161/CIR.0000000000001297,非全文书目访问卡；涵盖青年及成年竞技运动员，并涉及先天性冠状动脉异常；出版社反自动下载页面阻止取得正式 PDF，未使用摘要冒充全文。,papers/pediatric/non_fulltext/2025_NON_FULLTEXT_Kim_AHA_ACC_Competitive_Athlete_Scientific_Statement.pdf,1,48063,96ebfd17d8eb6858416858c6c5385195d846b6377fe23646385c84af0c02f7ef
儿童,非全文,2025,Coronary Events Following Dobutamine Stress Cardiac Magnetic Resonance Imaging in Pediatric Patients,Pediatric Cardiology,10.1007/s00246-024-03632-4,39172254,,https://doi.org/10.1007/s00246-024-03632-4,非全文书目访问卡；64 名小于 23 岁的儿童/青年冠脉病患者、80 次 dsCMR；并非全部为 AAOCA。未使用摘要冒充论文全文。,papers/pediatric/non_fulltext/2025_NON_FULLTEXT_Pediatric_Dobutamine_Stress_CMR.pdf,1,92033,6dde4b2363c83f83140881883939082c2d45793e125cba0d40484e3913e962d4
儿童,非全文,2025,Outcomes of 230 Patients Undergoing Surgical Repair of Anomalous Aortic Origin of a Coronary Artery,The Annals of Thoracic Surgery,10.1016/j.athoracsur.2025.01.029,39983947,,https://doi.org/10.1016/j.athoracsur.2025.01.029,非全文书目访问卡；未使用摘要冒充论文全文。,papers/pediatric/non_fulltext/2025_NON_FULLTEXT_230_Patient_Surgical_Outcomes.pdf,1,67499,547493071487a3a86c29e25aecf0ade6307a10077d0a09b1fb066b79185b5f52
儿童,非全文,2025,Sudden Cardiac Arrest and Death Secondary to Congenital Coronary Artery Abnormalities in Young Competitive Athletes,Circulation,10.1161/CIRCULATIONAHA.125.074330,41021664,,https://doi.org/10.1161/CIRCULATIONAHA.125.074330,非全文书目访问卡；研究快报，统计年轻竞技运动员中由先天性冠状动脉异常导致的心脏骤停与猝死；受试者跨中学至大学阶段，本库按运动员/青少年场景归入儿童类。未使用摘要冒充论文全文。,papers/pediatric/non_fulltext/2025_NON_FULLTEXT_Petek_Athlete_SCA_Coronary_Anomalies.pdf,1,61650,8eab5fab0487afb1410c118b2778648ffa398965f97a8fc7037e8172ef6ba8d0
儿童,全文,2025,The Diagnosis and Therapeutic Management of Anomalous Aortic Origin of the Coronary Artery: A Retrospective Study Conducted at a Single Center in China,Reviews in Cardiovascular Medicine,10.31083/RCM33432,40776969,PMC12326397,https://pmc.ncbi.nlm.nih.gov/articles/PMC12326397/,中国单中心 AAOCA 诊断与治疗管理回顾性研究；出版社开放全文。,papers/pediatric/fulltext/2025_China_Single_Center_Management.pdf,7,279870,fbbea7c2eecc09a42aee3909ee06a46f73952c3daad3d707b51b927faaeb8838
儿童,非全文,2025,What is the Optimal Surgical Technique for Anomalous Aortic Origin of a Coronary Artery?,Seminars in Thoracic and Cardiovascular Surgery: Pediatric Cardiac Surgery Annual,10.1053/j.pcsu.2025.02.006,40382131,,https://doi.org/10.1053/j.pcsu.2025.02.006,非全文书目访问卡；外科综述，按解剖把去顶、切断再植与新开口重建三种术式对应到不同壁内段情形。未使用摘要冒充论文全文。,papers/pediatric/non_fulltext/2025_NON_FULLTEXT_Mery_Optimal_Surgical_Technique_AAOCA.pdf,1,62282,228311570164df14153fde056c0ff5d81c0e8a3a30c779580bf5fa6e1d42f7f0
儿童,全文,2024,Anomalous Aortic Origin of a Coronary Artery in Pediatric Patients,Current Pediatrics Reports,10.1007/s40124-024-00317-7,39816672,PMC11729077,https://pmc.ncbi.nlm.nih.gov/articles/PMC11729077/,儿童 AAOCA 风险评估与管理综述；CC BY 开放全文。,papers/pediatric/fulltext/2024_Doan_Pediatric_AAOCA_Review.pdf,12,1024424,b021e8a43bf9abbb6592003528be28fff07b49fc140ee13c409819912e00be1a
儿童,非全文,2023,Anomalous Aortic Origin of Coronary Arteries in Children: Postoperative High-risk Anatomic Features,The Annals of Thoracic Surgery,10.1016/j.athoracsur.2022.11.024,36470562,,https://doi.org/10.1016/j.athoracsur.2022.11.024,非全文书目访问卡；62 名儿童术后 CTA（去顶 45、切断再植 17），比较两种术式残留的高危解剖特征。未使用摘要冒充论文全文。,papers/pediatric/non_fulltext/2023_NON_FULLTEXT_Doan_Postoperative_High_Risk_Anatomic_Features.pdf,1,61827,5ef3c3c3ba185ec2e061dc53ced2cf40bd620da08967d261907ecd31b48e67dc
儿童,全文,2023,Application of Patient-Specific Computational Fluid Dynamics in Anomalous Aortic Origin of Coronary Artery: A Systematic Review,Journal of Cardiovascular Development and Disease,10.3390/jcdd10090384,37754814,PMC10532130,https://pmc.ncbi.nlm.nih.gov/articles/PMC10532130/,AAOCA 患者特异性计算流体力学系统综述；开放全文。,papers/pediatric/fulltext/2023_Patient_Specific_CFD_Systematic_Review.pdf,24,2803054,07ac8e2d98f74e0e316db55551d5e5f3504526c4d23c86270b7ea29f18b55050
儿童,非全文,2023,Clinical presentation and medium-term outcomes of children with anomalous aortic origin of the left coronary artery: high-risk features beyond interarterial course,Circulation: Cardiovascular Interventions,10.1161/CIRCINTERVENTIONS.122.012635,37192311,,https://doi.org/10.1161/CIRCINTERVENTIONS.122.012635,非全文书目访问卡；未使用摘要冒充论文全文。,papers/pediatric/non_fulltext/2023_NON_FULLTEXT_Pediatric_AAOLCA_Clinical_Outcomes.pdf,1,67737,d1956b8a8fe084017b581c71a35912c6987622f026588d3dd9cdaa90c467f87a
儿童,非全文,2023,Is Exercise Stress Testing Useful for Risk Stratification in Anomalous Aortic Origin of a Coronary Artery?,Seminars in Thoracic and Cardiovascular Surgery,10.1053/j.semtcvs.2022.08.009,36041683,,https://doi.org/10.1053/j.semtcvs.2022.08.009,非全文书目访问卡；儿童及青少年 AAOCA 155 例（右冠型 126，左冠型 29），比较最大运动试验与多巴酚丁胺负荷 CMR。未使用摘要冒充论文全文。,papers/pediatric/non_fulltext/2023_NON_FULLTEXT_Qasim_Exercise_Stress_Testing_AAOCA.pdf,1,62482,bdc164171ffaf86243a6ed046e2567c6a3dc6e65f3786a41ac717963abae395d
儿童,非全文,2023,Ischemia in Anomalous Aortic Origin of a Right Coronary Artery: Large Pediatric Cohort Medium-Term Outcomes,Circulation: Cardiovascular Interventions,10.1161/CIRCINTERVENTIONS.122.012631,37071720,,https://doi.org/10.1161/CIRCINTERVENTIONS.122.012631,非全文书目访问卡；未使用摘要冒充论文全文。,papers/pediatric/non_fulltext/2023_NON_FULLTEXT_Pediatric_AAORCA_Ischemia_Outcomes.pdf,1,66170,6b0bf46bb67ecbbb82ae72cf40f66efb83c1a75d97c6ecf4e56bae197130ed8b
儿童,全文,2023,Trends in surgical management of anomalous aortic origin of the coronary artery over 2 decades,JTCVS Open,10.1016/j.xjon.2023.07.017,38204671,PMC10774946,https://pmc.ncbi.nlm.nih.gov/articles/PMC10774946/,AAOCA 外科管理 20 年趋势研究；JTCVS Open 开放全文。,papers/pediatric/fulltext/2023_Surgical_Management_Trends.pdf,14,1350780,e48492f3ff2743496baccf0d74c562c9bd9965c4852f4bab56b0e7c4ecc68566
儿童,非全文,2022,Anomalous Aortic Origin of Right Coronary Artery: Outcomes of Surgical and Nonsurgical Treatment,The Annals of Thoracic Surgery,10.1016/j.athoracsur.2021.11.008,34890570,,https://doi.org/10.1016/j.athoracsur.2021.11.008,非全文书目访问卡；未使用摘要冒充论文全文。,papers/pediatric/non_fulltext/2022_NON_FULLTEXT_AAORCA_Surgical_vs_Nonsurgical.pdf,1,67492,27e176bacbcab647ae127428dca37b8874ef751c324a86b979030aa57f174eb8
儿童,非全文,2021,Dobutamine stress cardiac MRI is safe and feasible in pediatric patients with anomalous aortic origin of a coronary artery (AAOCA),International Journal of Cardiology,10.1016/j.ijcard.2021.04.031,33892043,,https://doi.org/10.1016/j.ijcard.2021.04.031,非全文书目访问卡；182 名 20 岁以下 AAOCA 患者共 224 次多巴酚丁胺负荷 CMR 的可行性与安全性研究。未使用摘要冒充论文全文。,papers/pediatric/non_fulltext/2021_NON_FULLTEXT_Doan_Dobutamine_Stress_CMR_Pediatric.pdf,1,62054,b61abb3cb074d336c25a04ef8da28c01b9f4348359930925d43bd8b5541519cf
儿童,非全文,2021,Outcomes in anomalous aortic origin of a coronary artery after surgical reimplantation,Journal of Thoracic and Cardiovascular Surgery,10.1016/j.jtcvs.2020.12.100,33541731,,https://doi.org/10.1016/j.jtcvs.2020.12.100,非全文书目访问卡；61 例儿童 AAOCA 手术中，切断再植 16 例与去顶 45 例的直接比较。未使用摘要冒充论文全文。,papers/pediatric/non_fulltext/2021_NON_FULLTEXT_Bonilla_Ramirez_Reimplantation_vs_Unroofing.pdf,1,61690,eb4b1433c51343f5e16dab969183f37be81bf63fe5e4d701fe6d195d73d9e458
儿童,非全文,2020,Outcomes after anomalous aortic origin of a coronary artery repair: A Congenital Heart Surgeons' Society Study,Journal of Thoracic and Cardiovascular Surgery,10.1016/j.jtcvs.2020.01.114,32800265,,https://doi.org/10.1016/j.jtcvs.2020.01.114,非全文书目访问卡；未使用摘要冒充论文全文。,papers/pediatric/non_fulltext/2020_NON_FULLTEXT_CHSS_Repair_Outcomes.pdf,1,67625,576e33889fe858b4e21e56410832177474d6accd0749e1c85228b1c415f1f23f
儿童,非全文,2019,Complete unroofing of the intramural coronary artery for anomalous aortic origin of a coronary artery: The role of commissural resuspension?,Journal of Thoracic and Cardiovascular Surgery,10.1016/j.jtcvs.2019.01.140,30955961,,https://doi.org/10.1016/j.jtcvs.2019.01.140,非全文书目访问卡；26 例完整去顶手术，比较是否常规重新悬吊主动脉瓣交界对术后主动脉瓣反流的影响。未使用摘要冒充论文全文。,papers/pediatric/non_fulltext/2019_NON_FULLTEXT_Yerebakan_Complete_Unroofing_Commissural_Resuspension.pdf,1,62342,971a4d85729a16c1b187ca76b53bc3cea63d2609294faaadf1a35c36cacb0397
儿童,非全文,2018,Outcomes of surgical intervention for anomalous aortic origin of a coronary artery: A large contemporary prospective cohort study,Journal of Thoracic and Cardiovascular Surgery,10.1016/j.jtcvs.2017.08.116,29074047,,https://doi.org/10.1016/j.jtcvs.2017.08.116,非全文书目访问卡；未使用摘要冒充论文全文。,papers/pediatric/non_fulltext/2018_NON_FULLTEXT_Prospective_Surgical_Outcomes.pdf,1,67352,09d388f43230c0ee2d732c1dba0b5b04155acbe196710da2540538116e81f54a
儿童,全文-作者稿,2018,Patients with anomalous aortic origin of the coronary artery remain at risk after surgical repair,Journal of Thoracic and Cardiovascular Surgery,10.1016/j.jtcvs.2017.12.134,29526358,PMC5960432,https://pmc.ncbi.nlm.nih.gov/articles/PMC5960432/,60 例 AAOCA 修复术后队列；PMC 收录的完整 NIH 作者手稿，非出版社排版终稿。,papers/pediatric/fulltext/2018_Postoperative_Risk_Author_Manuscript.pdf,22,610735,6d5af7de18bb84564475ca1a5656ba00bcaa41e90e6911a58ef73e92cbd1a5fc
儿童,非全文,2017,Clinical evaluation of anomalous aortic origin of a coronary artery (AAOCA),Congenital Heart Disease,10.1111/chd.12505,28621042,,https://doi.org/10.1111/chd.12505,非全文书目访问卡；未使用摘要冒充论文全文。,papers/pediatric/non_fulltext/2017_NON_FULLTEXT_AAOCA_Clinical_Evaluation.pdf,1,66782,c7c794a68cea88a6a77823aaaf6c3fb3d17b0146f42266217611cd679ef3ef4d
儿童,全文-作者稿,2017,"Relationship of Echocardiographic Z Scores Adjusted for Body Surface Area to Age, Sex, Race, and Ethnicity: The Pediatric Heart Network Normal Echocardiogram Database",Circulation: Cardiovascular Imaging,10.1161/CIRCIMAGING.117.006979,29138232,PMC5812349,https://pmc.ncbi.nlm.nih.gov/articles/PMC5812349/,儿童心脏网络（PHN）正常超声 Z 值数据库主要论文；PMC 收录的完整 NIH 作者手稿，非出版社排版终稿。,papers/pediatric/fulltext/2017_Lopez_PHN_Normal_Echo_Z_Score_Database_Author_Manuscript.pdf,15,378814,9007a89602a1e1ec62a8d0bea94a3ee8346ad7c506468968b386203eec6fc172
儿童,非全文,2016,Decision analysis to define the optimal management of athletes with anomalous aortic origin of a coronary artery,Journal of Thoracic and Cardiovascular Surgery,10.1016/j.jtcvs.2016.07.076,27751241,,https://doi.org/10.1016/j.jtcvs.2016.07.076,非全文书目访问卡；未使用摘要冒充论文全文。,papers/pediatric/non_fulltext/2016_NON_FULLTEXT_Athlete_Management_Decision_Analysis.pdf,1,66715,b786a953c43b76e4b8cea2202585ebbfe9f779a1f198943926148803b5877183
儿童,非全文,2014,Anomalous Aortic Origin of a Coronary Artery: A Report From the Congenital Heart Surgeons Society Registry,World Journal for Pediatric and Congenital Heart Surgery,10.1177/2150135113516984,24403351,,https://doi.org/10.1177/2150135113516984,非全文书目访问卡；未使用摘要冒充论文全文。,papers/pediatric/non_fulltext/2014_NON_FULLTEXT_CHSS_Registry_Report.pdf,1,68035,a0c57955c805f35d5484a67fdcab83b3399ab0f8eaa5f57cf39d3766d58620df
儿童,非全文,2014,Surgical repair of anomalous aortic origin of a coronary artery,European Journal of Cardio-Thoracic Surgery,10.1093/ejcts/ezt614,24431169,,https://doi.org/10.1093/ejcts/ezt614,非全文书目访问卡；未使用摘要冒充论文全文。,papers/pediatric/non_fulltext/2014_NON_FULLTEXT_AAOCA_Surgical_Repair_76_Patients.pdf,1,66390,bcb1e74fe84188f668855d039ceb8c2ebfcfd2daac1a00b4c69801fdad471ebc
儿童,非全文,2010,The registry of anomalous aortic origin of the coronary artery of the Congenital Heart Surgeons' Society,Cardiology in the Young,10.1017/S1047951110001095,21087560,,https://doi.org/10.1017/S1047951110001095,非全文书目访问卡；未使用摘要冒充论文全文。,papers/pediatric/non_fulltext/2010_NON_FULLTEXT_CHSS_Registry.pdf,1,67172,fbb611083fb91982da0abccfb3526a68d90ebbad024e155c3fa8f2cbfd66e3e9
儿童,非全文,2003,Outcome of unroofing procedure for repair of anomalous aortic origin of left or right coronary artery,The Annals of Thoracic Surgery,10.1016/s0003-4975(03)00436-3,12902110,,https://doi.org/10.1016/s0003-4975(03)00436-3,非全文书目访问卡；9 例去顶手术的早期功能学随访，最早提出以新开口重建避免处理主动脉瓣交界。未使用摘要冒充论文全文。,papers/pediatric/non_fulltext/2003_NON_FULLTEXT_Romp_Unroofing_Outcome_Neo_Ostium.pdf,1,61882,891ae131a1fd09b0e49d8febafeb2b03b385cd7729dceda64f8af52ca1b2de25
成人,全文-作者稿,2026,Fluid dynamics-informed CCTA-derived geometric parameters in right coronary artery anomalies predict abnormal invasive Adenosine-FFR and Dobutamine-FFR,Computers in Biology and Medicine,10.1016/j.compbiomed.2026.111851,42413345,,https://doi.org/10.1016/j.compbiomed.2026.111851,成人作者稿/完整手稿；81 名 R-AAOCA 患者，平均年龄 52.3 岁；现已匹配正式出版 DOI 与 PMID。,papers/adult/fulltext/2026_Mokhtari_CCTA_Geometry_FFR_Manuscript.pdf,41,1802040,94384acd16a95d75c6bc624bf8a2732d7d95260ef053cfdd7d6464c31787d4f3
成人,全文,2026,Invasive Right Anomalous Coronary Arteries Assessment: Intravascular Ultrasound and Adenosine vs Dobutamine Fractional Flow Reserve,JACC: Advances,10.1016/j.jacadv.2025.102526,41581388,PMC12860356,https://pmc.ncbi.nlm.nih.gov/articles/PMC12860356/,成人 R-AAOCA 前瞻性单中心研究，73 例，平均年龄 51 岁；以多巴酚丁胺 FFR≤0.80 为参照，比较腺苷 FFR 与 IVUS 最小管腔面积的诊断效能。,papers/adult/fulltext/2026_Stark_IVUS_Adenosine_vs_Dobutamine_FFR.pdf,12,6768339,c5c7256c39d924bb377e8e5ba2b089c933b69d6e33d9cda06a62e891e0dccb60
成人,全文-reference,2026,Histological assessment of the intramural segment in adults with an anomalous aortic origin of a coronary artery with an interarterial course,BMC Cardiovascular Disorders,10.1186/s12872-026-06000-7,,,https://doi.org/10.1186/s12872-026-06000-7,成人组织学研究；出版社 Article in Press/reference 全文。,papers/adult/fulltext/2026_Verheijen_Adult_Intramural_Histology_reference.pdf,47,12943541,4495d4569a252ad6c72c82aec16d8d50be459daf1df85fb27f421bf7f1fcaae5
成人,全文,2025,AI-based detection and classification of anomalous aortic origin of coronary arteries using coronary CT angiography images,Nature Communications,10.1038/s41467-025-58362-9,40169568,,https://doi.org/10.1038/s41467-025-58362-9,以成人冠脉 CCTA 工作流为主的大型 AI 数据集。,papers/adult/fulltext/2025_Shiri_AI_AAOCA_CCTA.pdf,11,4129259,dd50add7c5ce2542a507f6f1d2ad38e36e386b1d1e58ce67115973a1f16cbc69
成人,全文,2025,Anomalous Aortic Origin of a Coronary Artery: Results from a Single Surgical Team in Spain,World Journal for Pediatric and Congenital Heart Surgery,10.1177/21501351241278684,,,https://doi.org/10.1177/21501351241278684,成人外科队列，16 例；中位年龄 43.3 岁。,papers/adult/fulltext/2025_Varela_Barca_AAOCA_Spanish_Surgical_Outcomes.pdf,9,13073030,74b98652484123d5451a88fb5b6e435157b18faf3e99ac766aba2f7e252f8a83
成人,全文,2024,First report from the European registry for anomalous aortic origin of coronary artery (EURO-AAOCA),Interdisciplinary CardioVascular and Thoracic Surgery,10.1093/icvts/ivae074,,,https://doi.org/10.1093/icvts/ivae074,混合年龄欧洲注册；中位年龄 33 岁，按主要年龄归入成人。,papers/adult/fulltext/2024_Grani_EURO_AAOCA_Registry.pdf,10,1291364,39bcfc31513d5dc18acbd9a4a14d89619b86dbf5999aa887468d07c3f89b0294
成人,全文,2024,Surgical outcomes in adolescents and adults with anomalous aortic origin of a coronary artery,Frontiers in Cardiovascular Medicine,10.3389/fcvm.2024.1489303,,,https://doi.org/10.3389/fcvm.2024.1489303,混合青少年与成人队列；年龄 13-57 岁，中位 26 岁，归入成人。,papers/adult/fulltext/2024_Li_Adolescent_Adult_Surgical_Outcomes.pdf,9,51225387,6cd7e8c072c9b24c6a4b142ae123fbabfd8fb8d41ab0d93b802bf2f2a5cebcec
成人,全文,2023,Treatment of Anomalous Coronary Arteries-Surgical Revascularisation Using the Pure Internal Thoracic Artery Technique,Journal of Cardiovascular Development and Disease,10.3390/jcdd10040155,37103034,PMC10144681,https://pmc.ncbi.nlm.nih.gov/articles/PMC10144681/,成人 AAOCA/冠脉异常 CABG 队列，14 例，中位年龄 62.5 岁；重点讨论内胸动脉桥和竞争血流。,papers/adult/fulltext/2023_James_CABG_AAOCA_ITA.pdf,8,1837505,0e3e40c1fa52545b7315968bf2a0bc7ab058d1405a33423dcce7ea9acca0166b
成人,全文,2022,"Therapeutic Management of Anomalous Coronary Arteries Originating From the Opposite Sinus of Valsalva: Current Evidence, Proposed Approach, and the Unknowing",Journal of the American Heart Association,10.1161/JAHA.122.027098,36205254,PMC9673667,https://pmc.ncbi.nlm.nih.gov/articles/PMC9673667/,机制与治疗综述；强调固定性与运动诱发动态狭窄、解剖和功能学联合评估，以及按解剖选择治疗。,papers/adult/fulltext/2022_Bigler_Therapeutic_Management_ACAOS.pdf,20,4688021,ed5ac4d3d3fb907d787482236175980b12a442bed94f932077871723671f6714
成人,全文,2021,Anomalous Aortic Origin of a Coronary Artery Repair Through an Anterior Minithoracotomy,Innovations,10.1177/15569845211031541,,,https://doi.org/10.1177/15569845211031541,微创外科病例系列，11 例；成人占多数，按主要年龄归入成人。,papers/adult/fulltext/2021_Nellis_AAOCA_Anterior_Minithoracotomy_Repair.pdf,5,538355,7b3aff8d30c34eb56b9b1f4204a96dc0de1f824aa23869e800d33c4b348e27b2
成人,全文,2020,Coronary Computed Tomography Angiography-Derived Fractional Flow Reserve in Patients with Anomalous Origin of the Right Coronary Artery from the Left Coronary Sinus,Korean Journal of Radiology,10.3348/kjr.2019.0230,,,https://doi.org/10.3348/kjr.2019.0230,成人 CCTA/CT-FFR 队列，94 例；平均年龄 54.4 岁。,papers/adult/fulltext/2020_Tang_CT_FFR_94_Adult_Patients.pdf,11,1400159,54e43b42fc865cc8ba0fd161426e8240fa3dd35f2b69e00d7f60c24fcce1819f
成人,全文,2019,2018 AHA/ACC Guideline for the Management of Adults With Congenital Heart Disease,Journal of the American College of Cardiology,10.1016/j.jacc.2018.08.1029,,,https://doi.org/10.1016/j.jacc.2018.08.1029,成人先天性心脏病指南；正式期刊卷期年份为 2019。,papers/adult/fulltext/2019_Stout_AHA_ACC_Adult_CHD_Guideline.pdf,112,3057410,ffd1b8aa169db35e4743ef8fb5c7813362afcf12102680807e4c06e335211554
成人,全文,2019,Novel Assessment of Ischemia in Patients With Anomalous Right Coronary Artery,JACC: Case Reports,10.1016/j.jaccas.2019.11.013,34316939,PMC8289109,https://pmc.ncbi.nlm.nih.gov/articles/PMC8289109/,2 例成人 AAORCA 病例系列；以多巴酚丁胺/阿托品负荷 iFR 模拟运动时动态梗阻。,papers/adult/fulltext/2019_McCray_Novel_Assessment_Ischemia_AAORCA.pdf,4,750696,d1b9776f9b3b8021eeec7d46c2f49538e5e3b8b0d7012f14ad1065748cde6e5e
成人,全文,2018,Clinical Strategies of Anomalous Aortic Origin of the Coronary Artery Arising from the Opposite Sinus,中国分子心脏病学杂志,10.16563/j.cnki.1671-6272.2018.06.005,,,https://doi.org/10.16563/j.cnki.1671-6272.2018.06.005,回顾性队列，64 例；其中 56 例为 30-75 岁中老年患者，归入成人。,papers/adult/fulltext/2018_Su_Opposite_Sinus_AAOCA_Clinical_Strategies.pdf,4,1090903,cb13c56504daf1e1625e632dba6eb4afd2a97d12809abbb4e9d643c998551032
成人,全文,2014,The distribution and prognosis of anomalous coronary arteries identified by cardiovascular magnetic resonance: 15 year experience from two tertiary centres,Journal of Cardiovascular Magnetic Resonance,10.1186/1532-429X-16-34,,,https://doi.org/10.1186/1532-429X-16-34,成人为主的 CMR 队列，172 例；中位年龄 54 岁。,papers/adult/fulltext/2014_Ripley_CMR_172_Adult_Patients.pdf,8,540802,2fb60c400aabd33aaf03bd8c8da46f1b6eedfe7abd091842993e01c57d95d91a
成人,全文,2026,Adults with anomalous aortic origin of a coronary artery: impact of invasive functional testing on clinical decision making - insights from the MuSCAT registry,European Heart Journal - Imaging Methods and Practice,10.1093/ehjimp/qyag010,41742957,PMC12931452,https://pmc.ncbi.nlm.nih.gov/articles/PMC12931452/,MuSCAT 成人 AAOCA 注册研究；评估侵入性功能学检测对临床决策的影响；开放全文。,papers/adult/fulltext/2026_Adult_MuSCAT_Invasive_Testing.pdf,12,862702,b511bcdcae1fcc4d0b421a6fee809cdbfd78d1469c5c81294685bf1a32faf05a
成人,非全文,2026,Anomalous Aortic Origin of the Right Coronary Artery in Adults: Surgical Reimplantation With Intermediate-Term Results,World Journal for Pediatric and Congenital Heart Surgery,10.1177/21501351261450105,42272401,,https://doi.org/10.1177/21501351261450105,非全文书目访问卡；未使用摘要冒充论文全文。,papers/adult/non_fulltext/2026_NON_FULLTEXT_Adult_AAORCA_Reimplantation.pdf,1,66287,c8277633b54de34a57d90d7c8717521429b74799558d807c043cdb0db952d9cc
成人,非全文,2026,Functional-anatomic integration by CCTA and exercise SPECT in adults with anomalous aortic origin of a coronary artery,International Journal of Cardiology,10.1016/j.ijcard.2026.134467,41903895,,https://doi.org/10.1016/j.ijcard.2026.134467,非全文书目访问卡；35 名成人 CCTA 与运动负荷 SPECT 双中心研究。未使用摘要冒充论文全文。,papers/adult/non_fulltext/2026_NON_FULLTEXT_CCTA_Exercise_SPECT_AAOCA.pdf,1,91704,99c7e79f5a20f4824b451c54c7e16941ea0b32ce271137e0b2592695a42ce304
成人,非全文,2026,Prevalence and anatomical variants of anomalous aortic origin of a coronary artery assessed by coronary CT angiography: a single-center study,European Heart Journal - Cardiovascular Imaging (conference abstract),10.1093/ehjci/jeaf367.353,未分配或未检得（截至 2026-07-31）,,https://doi.org/10.1093/ehjci/jeaf367.353,非全文书目访问卡；未使用摘要冒充论文全文。,papers/adult/non_fulltext/2026_NON_FULLTEXT_Adult_CCTA_Prevalence_Conference_Abstract.pdf,1,69566,d93190bf644cc808123b6b7fd54d621c8193128eb9e1895dc8918d7b3884828a
成人,非全文,2025,Clinical and Prognostic Significance of Anomalous Origin of a Coronary Artery in Adults,Circulation,10.1161/CIRCULATIONAHA.125.074198,40995628,,https://doi.org/10.1161/CIRCULATIONAHA.125.074198,非全文书目访问卡；未使用摘要冒充论文全文。,papers/adult/non_fulltext/2025_NON_FULLTEXT_Adult_Clinical_Prognostic_Significance.pdf,1,66529,21b30495440f37463442cccd460a992b5793ea8ab6372e5a6dc4366d96784ff6
成人,全文,2025,Surgical approach and outcomes in adults with anomalous aortic origin of coronary arteries at a reference center: Outcomes of proximal coronary surgery,JTCVS Open,10.1016/j.xjon.2025.05.011,41169309,PMC12570585,https://pmc.ncbi.nlm.nih.gov/articles/PMC12570585/,成人 AAOCA 近端冠状动脉手术策略与结局；JTCVS Open/PMC 开放全文。,papers/adult/fulltext/2025_Adult_Proximal_Coronary_Surgery.pdf,7,496767,cb58c17bace86f9ec4ba8708948bc138940e5b10597ddaaf6f88f274b063c1c4
成人,非全文,2025,The Role of Stress Echocardiography in Patients With Anomalous Aortic Origin of Coronary Arteries: Two Tertiary Cardiac Centers' Experience,Echocardiography,10.1111/echo.70371,41395835,,https://doi.org/10.1111/echo.70371,非全文书目访问卡；46 名中年 AAOCA 患者的运动负荷超声双中心研究。未使用摘要冒充论文全文。,papers/adult/non_fulltext/2025_NON_FULLTEXT_AAOCA_Stress_Echocardiography.pdf,1,91029,b6136fc7d7f1055212e6dfe78b8987395ef1d04167010a73c2046e591dfd80f7
成人,非全文,2024,Surgical Management of Anomalous Right Coronary Artery in the Adult: Technique and Case Series,"Heart, Lung and Circulation",10.1016/j.hlc.2024.01.028,38403570,,https://doi.org/10.1016/j.hlc.2024.01.028,非全文书目访问卡；13 名成人 AAORCA 正式去顶术病例系列。未使用摘要冒充论文全文。,papers/adult/non_fulltext/2024_NON_FULLTEXT_Adult_AAORCA_Surgical_Management.pdf,1,90662,34d565d9bb4aca7abf30aa1eb537acae59c94948aacfb89bb91d475ca72630af
成人,非全文,2023,Management of Adults With Anomalous Aortic Origin of the Coronary Arteries: State-of-the-Art Review,Journal of the American College of Cardiology,10.1016/j.jacc.2023.08.012,37855757,,https://doi.org/10.1016/j.jacc.2023.08.012,非全文书目访问卡；未使用摘要冒充论文全文。,papers/adult/non_fulltext/2023_NON_FULLTEXT_Adult_AAOCA_State_of_the_Art.pdf,1,67098,c9e5b9f9717df8cf27fd496bbfe563f64744a11583fccd2162225e6eadd902b2
成人,非全文,2023,Outcomes of a protocolized approach for surgical unroofing of intramural anomalous aortic origin of coronary artery in children and adults,Journal of Thoracic and Cardiovascular Surgery,10.1016/j.jtcvs.2022.11.037,36690526,,https://doi.org/10.1016/j.jtcvs.2022.11.037,非全文书目访问卡；Mayo Clinic 148 例连续去顶手术，中位年龄 44.4 岁，因此按成人归类；含儿童亚组。未使用摘要冒充论文全文。,papers/adult/non_fulltext/2023_NON_FULLTEXT_Patlolla_Protocolized_Unroofing_148_Patients.pdf,1,62441,38c245e2e2c16af09fa76d2d0244dbd7005acb8ffeb2c22edd2932a5cd4b1c68
成人,全文,2022,Coronary artery disease in adults with anomalous aortic origin of a coronary artery,JTCVS Open,10.1016/j.xjon.2022.04.022,36004264,PMC9390708,https://pmc.ncbi.nlm.nih.gov/articles/PMC9390708/,成人 AAOCA 合并冠状动脉粥样硬化性疾病的队列研究；JTCVS Open/PMC 开放全文。,papers/adult/fulltext/2022_Adult_AAOCA_Coronary_Disease.pdf,17,1079120,c4d1a7d0118b9fb20c5c2d9f7b889b01500e55bd1142a54675dcab13df782574
成人,全文-作者稿,2021,2020 ESC Guidelines on sports cardiology and exercise in patients with cardiovascular disease,European Heart Journal,10.1093/eurheartj/ehaa605,32860412,,https://doi.org/10.1093/eurheartj/ehaa605,ESC 运动心脏病学指南，面向已有心血管疾病的人群，包含冠状动脉异常的运动参与建议；从帕多瓦大学机构仓储取得的作者手稿（submittedVersion），非出版社排版终稿；正式卷期年份为 2021。,papers/adult/fulltext/2021_Pelliccia_ESC_Sports_Cardiology_Guideline.pdf,80,4557791,3c95a30e87b826425afcdf1f2e8937f73bb8906240b5b7e363353c9075841c2e
成人,全文,2021,The significance of symptoms before and after surgery for anomalous aortic origin of coronary arteries in adolescents and adults,Interactive CardioVascular and Thoracic Surgery,10.1093/icvts/ivaa234,33221843,PMC8906714,https://pmc.ncbi.nlm.nih.gov/articles/PMC8906714/,青少年与成人 AAOCA 手术前后症状及中期结局队列；完整期刊全文。,papers/adult/fulltext/2021_Adolescent_Adult_Surgical_Symptoms.pdf,8,780528,49305e1a62b025fc717106c07a29043aa7e4b86ecd307cbffd58539f92f8e42f
成人,全文,2020,2020 ESC Guidelines for the management of adult congenital heart disease,European Heart Journal,10.1093/eurheartj/ehaa554,32860028,,https://doi.org/10.1093/eurheartj/ehaa554,ESC 成人先天性心脏病指南；从 Amsterdam UMC 机构仓储取得的出版社 PDF（Version of Record，CC BY）。,papers/adult/fulltext/2020_ESC_Adult_CHD_Guideline.pdf,85,3365763,08325d4512e27a69973b633face1da634a85fdfb3c48220be284ac986a203b7a
成人,非全文,2017,Anomalous Aortic Origin of a Coronary Artery From the Inappropriate Sinus of Valsalva,Journal of the American College of Cardiology,10.1016/j.jacc.2017.01.031,28335843,,https://doi.org/10.1016/j.jacc.2017.01.031,非全文书目访问卡；未使用摘要冒充论文全文。,papers/adult/non_fulltext/2017_NON_FULLTEXT_JACC_AAOCA_Review.pdf,1,66538,c9f0dd890dd7874ec792284dd23c4c8ee03fae0a4d412b4f87462d68167078db
成人,非全文,2017,Outcome in middle-aged individuals with anomalous origin of the coronary artery from the opposite sinus: a matched cohort study,European Heart Journal,10.1093/eurheartj/ehx046,28329166,,https://doi.org/10.1093/eurheartj/ehx046,非全文书目访问卡；未使用摘要冒充论文全文。,papers/adult/non_fulltext/2017_NON_FULLTEXT_Middle_Aged_Matched_Cohort.pdf,1,66072,88014e02a22f7a3198eb76eb9f27d9357753a2cbe019dc7864a93a755de4d146
成人,非全文,2016,Anomalous Coronary Arteries: Analysis of Clinical Outcome Based Upon Arterial Course and Surgical Intervention in an Adult Population,Academic Radiology,10.1016/j.acra.2016.03.020,27161207,,https://doi.org/10.1016/j.acra.2016.03.020,非全文书目访问卡；未使用摘要冒充论文全文。,papers/adult/non_fulltext/2016_NON_FULLTEXT_Adult_Clinical_Outcomes.pdf,1,65858,d7a1fd81726390d982384ea0347b308f30f98e41e8df604c1a1dbba075c0e222
成人,非全文,2016,Surgical Results and Outcomes After Reimplantation for the Management of Anomalous Aortic Origin of the Right Coronary Artery,The Annals of Thoracic Surgery,10.1016/j.athoracsur.2016.02.002,27112655,,https://doi.org/10.1016/j.athoracsur.2016.02.002,非全文书目访问卡；16 例 AAORCA 冠脉再植，年龄 17–70 岁，按成人归类。未使用摘要冒充论文全文。,papers/adult/non_fulltext/2016_NON_FULLTEXT_Law_AAORCA_Reimplantation_16_Patients.pdf,1,60711,37dcd1bf3b041825fb0e68f036971a3f1ece26f02bcbfb3f41fd31c059b96a83
成人,非全文,2015,Anatomic characteristics and outcome of adults with coronary arteries arising from an anomalous location detected with coronary computed tomography angiography,International Journal of Cardiovascular Imaging,10.1007/s10554-014-0535-4,25218760,,https://doi.org/10.1007/s10554-014-0535-4,非全文书目访问卡；成人 CCTA 队列，分析壁内段、裂隙样开口、锐角起源、管腔压缩等解剖特征。未使用摘要冒充论文全文。,papers/adult/non_fulltext/2015_NON_FULLTEXT_CCTA_High_Risk_Anatomy_Outcomes.pdf,1,89473,cd9815edea3c140ede3751d6649fcadf276f826d68a9c24bd4981576216b695a
成人,非全文,2014,Surgical unroofing of anomalous aortic origin of a coronary artery: a single-center experience,The Annals of Thoracic Surgery,10.1016/j.athoracsur.2014.04.114,25038010,,https://doi.org/10.1016/j.athoracsur.2014.04.114,非全文书目访问卡；未使用摘要冒充论文全文。,papers/adult/non_fulltext/2014_NON_FULLTEXT_AAOCA_Surgical_Unroofing.pdf,1,65660,77e6509d5d2b435ac0b16c02127b5a1d8f48d0d27b2fbd5f576a7b643e7b900b
